{"cameraMode":{"drawMode":0,"name":"Shaded","section":"Shading Mode"},"sceneLighting":true,"audioPlay":false,"sceneViewState":{"m_AlwaysRefresh":false,"showFog":true,"showSkybox":true,"showFlares":true,"showImageEffects":true,"showParticleSystems":true,"showVisualEffectGraphs":true,"m_FxEnabled":true},"in2DMode":false,"pivot":{"x":1.9162040948867798,"y":-1.3929567337036133,"z":-4.6256513595581059},"rotation":{"x":-0.45292386412620547,"y":0.0632951557636261,"z":-0.032260436564683917,"w":-0.8887603878974915},"size":6.367645263671875,"orthographic":false}