{"cameraMode":{"drawMode":0,"name":"Shaded","section":"Shading Mode"},"sceneLighting":true,"audioPlay":false,"sceneViewState":{"m_AlwaysRefresh":false,"showFog":true,"showSkybox":true,"showFlares":true,"showImageEffects":true,"showParticleSystems":true,"showVisualEffectGraphs":true,"m_FxEnabled":true},"in2DMode":false,"pivot":{"x":72.79693603515625,"y":598.7762451171875,"z":22.233551025390626},"rotation":{"x":-0.0632658302783966,"y":-0.009880651719868184,"z":0.000632878509350121,"w":-0.9979884624481201},"size":472.8038024902344,"orthographic":false}